test_date,primary,cohort_name,n_members,window_start,window_end,intra_corr_1y,pc1_variance_pct,p_independence_intra,p_random_basket_intra,p_random_basket_pc1,n_permutations,holdout_window,train_intra,test_intra,train_pc1_pct,test_pc1_pct,stability_ratio,threshold_stable_width,threshold_stable_ranges,definition_date,oos_start,oos_end,oos_obs,oos_intra,oos_pc1_pct,oos_vs_insample_ratio,p_oos_random_basket,oos_verdict,p_vol_matched_intra,p_vol_matched_pc1
2026-05-13,NVDA,AI Compute,3,2025-05-08,2026-05-08,0.5683,71.28,,0.023,0.026,1000,2y,0.6716,0.5683,78.18,71.28,0.8462,0.0,none,,,,,,,,,,,
2026-05-13,WTW,AI financial disintermediation basket (AIFD),10,2025-04-30,2026-04-30,0.3167,43.87,,0.003157894736842105,0.003157894736842105,1000,2y,0.6108,0.3169,65.21,43.96,0.5188,0.0,none,,,,,,,,,,,
2026-05-13,MSFT,AI hyperscalers,5,2025-04-30,2026-04-30,0.2849,43.35,,0.028,0.054,1000,2y,0.6516,0.285,72.36,43.36,0.4373,0.0,none,,,,,,,,,,,
2026-05-13,BX,Alternative asset managers basket (ALTM),6,2025-04-30,2026-04-30,0.7608,80.14,,0.0,0.0,1000,2y,0.906,0.7605,92.18,80.12,0.8395,0.15,0.30-0.45,,,,,,,,,,,
2026-05-13,ZTS,Animal health,4,2025-04-30,2026-04-30,0.3237,49.78,,0.025380710659898477,0.03857868020304569,1000,2y,0.4056,0.3236,56.79,49.77,0.7978,0.0,none,,,,,,,,,,,
2026-05-13,WHR,Appliance / housing durables,5,2025-04-30,2026-04-30,0.4662,58.41,,0.0010193679918450561,0.0020387359836901123,1000,2y,0.6692,0.4648,74.4,58.31,0.6947,0.0,none,,,,,,,,,,,
2026-05-13,PWP,Boutique advisory,6,2025-04-30,2026-04-30,0.7363,78.14,,0.0,0.0,1000,2y,0.8066,0.7352,83.94,78.05,0.9115,0.05,0.35-0.40,,,,,,,,,,,
2026-05-13,V,Card networks duopoly,2,2025-04-30,2026-04-30,0.8329,91.64,,0.002,0.002,1000,2y,0.8949,0.8334,94.74,91.67,0.9313,0.4,0.20-0.60,,,,,,,,,,,
2026-05-13,COIN,Crypto-exposed financial platforms,2,2025-05-13,2026-05-13,0.6563,82.82,,0.008008008008008008,0.008008008008008008,1000,2y,0.7876,0.6655,89.38,83.28,0.845,0.05,0.20-0.25,,,,,,,,,,,
2026-05-13,CORZ,Crypto-to-AI converters,7,2025-05-08,2026-05-08,0.6279,68.38,,0.0,0.0,1000,2y,0.706,0.6298,75.05,68.54,0.8921,0.0,none,,,,,,,,,,,
2026-05-13,PANW,Cybersecurity consolidation,4,2025-04-30,2026-04-30,0.3438,53.02,,0.019,0.022,1000,2y,0.5112,0.3438,63.49,53.02,0.6725,0.0,none,,,,,,,,,,,
2026-05-13,LMT,Defense primes,7,2025-05-08,2026-05-08,0.4473,53.06,,0.0,0.0,1000,2y,0.5007,0.4472,57.85,53.06,0.8931,0.05,0.60-0.65,,,,,,,,,,,
2026-05-13,LMT,Defense primes (core 6),6,2025-05-08,2026-05-08,0.4821,57.08,,0.0,0.0020242914979757085,1000,2y,0.5307,0.482,61.39,57.07,0.9082,0.15,0.50-0.65,,,,,,,,,,,
2026-05-13,NET,Edge control-plane risk basket (ECPR),3,2025-04-30,2026-04-30,0.4705,64.77,,0.0030303030303030303,0.007070707070707071,1000,2y,0.4877,0.4708,65.9,64.79,0.9652,0.0,none,,,,,,,,,,,
2026-05-13,NVDA,Fabless semiconductor,4,2025-04-30,2026-04-30,0.4261,57.69,,0.004052684903748734,0.004052684903748734,1000,2y,0.7737,0.4261,83.06,57.68,0.5507,0.0,none,,,,,,,,,,,
2026-05-13,TSM,Foundry monopoly,4,2025-04-30,2026-04-30,0.208,43.7,,0.29,0.429,1000,2y,0.2925,0.2076,50.14,43.67,0.7096,0.0,none,,,,,,,,,,,
2026-05-13,KTOS,Golden Dome defense-tech,5,2025-05-08,2026-05-08,0.4031,52.99,,0.0020060180541624875,0.0050150451354062184,1000,2y,0.4471,0.4012,56.06,52.84,0.8972,0.0,none,,,,,,,,,,,
2026-05-13,NVDA,Hyperscaler supplier chain,8,2025-04-30,2026-04-30,0.6091,66.34,,0.0,0.0,1000,2y,0.7982,0.609,82.53,66.33,0.7629,0.0,none,,,,,,,,,,,
2026-05-13,HINDALCO.NS,Indian metals,4,2025-04-30,2026-04-30,0.5807,68.72,,0.0,0.0,1000,2y,0.7358,0.5803,80.25,68.69,0.7887,0.0,none,,,,,,,,,,,
2026-05-13,AJG,Insurance brokers basket,6,2025-04-30,2026-04-30,0.6623,72.21,,0.0,0.0,1000,2y,0.6996,0.6646,75.14,72.4,0.95,0.15,0.45-0.60,,,,,,,,,,,
2026-05-13,PGR,Insurance carriers,8,2025-04-30,2026-04-30,0.4597,54.06,,0.0,0.0,1000,2y,0.6498,0.4585,69.55,53.96,0.7055,0.0,none,,,,,,,,,,,
2026-05-13,005930.KS,Korea Memory,2,2025-05-08,2026-05-08,0.7311,86.56,,0.006,0.006,1000,2y,0.5395,0.7312,76.97,86.56,1.3554,0.45,0.25-0.70,,,,,,,,,,,
2026-05-13,MET,Life insurers pair,2,2025-04-30,2026-04-30,0.7109,85.55,,0.006,0.006,1000,2y,0.9078,0.7121,95.39,85.6,0.7844,0.05,0.35-0.40,,,,,,,,,,,
2026-05-13,NVDA,Mag 7,7,2025-05-08,2026-05-08,0.3158,41.82,0.0,0.010111223458038422,0.027300303336703743,1000,2y,0.7195,0.3167,76.12,41.9,0.4402,0.0,none,,,,,,,,,,,
2026-05-13,JPM,Mega banks,5,2025-04-30,2026-04-30,0.7293,78.42,,0.0,0.0,1000,2y,0.8294,0.7293,86.38,78.42,0.8793,0.0,none,,,,,,,,,,,
2026-05-13,TRV,P&C insurance carriers,5,2025-04-30,2026-04-30,0.6482,72.0,,0.0,0.0,1000,2y,0.7329,0.6473,78.76,71.93,0.8832,0.15,0.40-0.55,,,,,,,,,,,
2026-05-13,V,Payments,8,2025-04-30,2026-04-30,0.4008,48.41,,0.0,0.0010449320794148381,1000,2y,0.5953,0.3991,65.27,48.26,0.6704,0.0,none,,,,,,,,,,,
2026-05-13,CRWD,Platform cyber,3,2025-04-30,2026-04-30,0.6878,79.22,,0.0,0.0,1000,2y,0.6504,0.6875,76.74,79.2,1.057,0.0,none,,,,,,,,,,,
2026-05-13,CRWD,Security control points (SCP),6,2025-04-30,2026-04-30,0.5435,62.41,,0.0,0.0,1000,2y,0.561,0.5433,63.7,62.39,0.9683,0.0,none,,,,,,,,,,,
2026-05-13,RKLB,Space pure-plays,7,2025-05-08,2026-05-08,0.624,67.96,0.0,0.0,0.0,1000,2y,0.452,0.6187,54.6,67.49,1.3688,0.05,0.45-0.50,,,,,,,,,,,
2026-05-13,MU,US Memory,3,2025-05-08,2026-05-08,0.7021,80.15,,0.0,0.0,1000,2y,,0.7014,,80.1,,0.1,0.35-0.45,,,,,,,,,,,
2026-05-13,ASML,WFE quartet,4,2025-04-30,2026-04-30,0.8037,85.33,,0.004,0.003,1000,2y,0.9269,0.8035,94.55,85.31,0.8668,0.0,0.25-0.25,,,,,,,,,,,
2026-05-13,SCHW,Wealth managers basket,4,2025-04-30,2026-04-30,0.5033,64.32,,0.0020325203252032522,0.0020325203252032522,1000,2y,0.8539,0.5031,89.08,64.3,0.5891,0.0,none,,,,,,,,,,,
2026-06-09,NVDA,AI Compute,3,2025-05-08,2026-05-08,0.5635,70.96,,0.0025997400259974,0.0026997300269973002,10000,2y,0.6716,0.5635,78.18,70.96,0.8391,0.0,none,,,,,,,,,,,
2026-06-09,WTW,AI financial disintermediation basket (AIFD),10,2025-04-30,2026-04-30,0.3167,43.87,,0.0098990100989901,0.001999800019998,10000,2y,0.6108,0.3169,65.21,43.96,0.5188,0.0,none,,,,,,,,,,,
2026-06-10,MSFT,AI hyperscalers,5,2025-04-30,2026-04-30,0.2652,41.82,,0.13538646135386462,0.17528247175282471,10000,2y,0.6516,0.2653,72.36,41.82,0.4071,0.0,none,2026-05-03,2026-05-05,2026-06-10,24,0.2769,43.08,1.0589,0.079192,PRELIMINARY OOS-CONFIRMED,,
2026-06-10,BX,Alternative asset managers basket (ALTM),6,2025-04-30,2026-04-30,0.7641,80.41,,9.999000099990002e-05,9.999000099990002e-05,10000,2y,0.906,0.7639,92.18,80.4,0.8431,0.15,0.30-0.45,2026-05-03,2026-05-05,2026-06-10,24,0.7388,78.6,0.9597,0.0001,PRELIMINARY OOS-CONFIRMED,,
2026-06-10,ZTS,Animal health,4,2025-04-30,2026-04-30,0.3254,49.91,,0.06469353064693531,0.07779222077792221,10000,2y,0.4056,0.3253,56.79,49.89,0.8019,0.0,none,2026-05-07,2026-05-08,2026-06-10,21,0.462,60.83,1.3748,0.014299,PRELIMINARY OOS-STRENGTHENING,,
2026-06-10,WHR,Appliance / housing durables,5,2025-04-30,2026-04-30,0.4676,58.5,,0.0010998900109989002,0.0012998700129987,10000,2y,0.6692,0.4663,74.4,58.41,0.6968,0.0,none,2026-05-07,2026-05-08,2026-06-10,21,0.4478,57.47,0.947,0.008499,PRELIMINARY OOS-CONFIRMED,,
2026-06-10,PWP,Boutique advisory,6,2025-04-30,2026-04-30,0.731,77.7,,9.999000099990002e-05,9.999000099990002e-05,10000,2y,0.8066,0.7299,83.94,77.6,0.9049,0.05,0.35-0.40,2026-05-03,2026-05-05,2026-06-10,24,0.5302,62.48,0.7328,0.0009,PRELIMINARY OOS-WEAKENED,,
2026-06-10,V,Card networks duopoly,2,2025-04-30,2026-04-30,0.8266,91.33,,0.0011998800119988001,0.0011998800119988001,10000,2y,0.8949,0.8272,94.74,91.36,0.9244,0.4,0.20-0.60,2026-05-03,2026-05-05,2026-06-10,24,0.8662,93.31,1.0484,0.0028,PRELIMINARY OOS-CONFIRMED,,
2026-06-10,COIN,Crypto-exposed financial platforms,2,2025-06-10,2026-06-10,0.6665,83.33,,0.0017998200179982,0.0017998200179982,10000,2y,0.8016,0.6645,90.08,83.22,0.8289,0.05,0.25-0.30,2026-05-09,2026-05-12,2026-06-10,19,0.7712,88.56,1.1638,0.010399,PRELIMINARY OOS-STRENGTHENING,,
2026-06-10,CORZ,Crypto-to-AI converters,7,2025-05-08,2026-05-08,0.6271,68.31,,9.999000099990002e-05,9.999000099990002e-05,10000,2y,0.706,0.6289,75.05,68.47,0.8908,0.0,none,2026-05-11,2026-05-12,2026-06-10,19,0.7061,75.06,1.1304,0.0001,PRELIMINARY OOS-STRENGTHENING,,
2026-06-10,PANW,Cybersecurity consolidation,4,2025-04-30,2026-04-30,0.3401,52.86,,0.050994900509949,0.0377962203779622,10000,2y,0.5112,0.34,63.49,52.86,0.6651,0.0,none,2026-05-03,2026-05-05,2026-06-10,24,0.4964,65.4,1.4361,0.009099,PRELIMINARY OOS-STRENGTHENING,,
2026-06-10,LMT,Defense primes,7,2025-05-08,2026-05-08,0.4472,53.05,,9.999000099990002e-05,0.00019998000199980003,10000,2y,0.5007,0.4471,57.85,53.04,0.8928,0.05,0.60-0.65,2026-05-03,2026-05-05,2026-06-10,24,0.5972,66.53,1.3259,0.0001,PRELIMINARY OOS-STRENGTHENING,,
2026-06-10,LMT,Defense primes (core 6),6,2025-05-08,2026-05-08,0.4819,57.06,,9.999000099990002e-05,9.999000099990002e-05,10000,2y,0.5307,0.4818,61.39,57.05,0.9078,0.15,0.50-0.65,2026-05-11,2026-05-12,2026-06-10,19,0.7561,79.8,1.5431,0.0001,PRELIMINARY OOS-STRENGTHENING,,
2026-06-10,NET,Edge control-plane risk basket (ECPR),3,2025-04-30,2026-04-30,0.4666,64.51,,0.0122987701229877,0.014898510148985102,10000,2y,0.4877,0.4669,65.9,64.53,0.9573,0.0,none,2026-05-03,2026-05-05,2026-06-10,24,-0.0008,52.11,-0.0018,0.694731,PRELIMINARY OOS-FAILED,,
2026-06-10,NVDA,Fabless semiconductor,4,2025-04-30,2026-04-30,0.4026,56.04,,0.017298270172982702,0.0182981701829817,10000,2y,0.7737,0.4025,83.06,56.04,0.5203,0.0,none,2026-05-03,2026-05-05,2026-06-10,24,0.3526,52.89,0.85,0.052195,PRELIMINARY OOS-WEAKENED,,
2026-06-10,TSM,Foundry monopoly,4,2025-04-30,2026-04-30,0.2069,43.65,,0.3284671532846715,0.26007399260073993,10000,2y,0.2925,0.2066,50.14,43.62,0.7061,0.0,none,2026-05-03,2026-05-07,2026-06-10,20,0.3294,51.11,1.5919,0.068293,PRELIMINARY OOS-STRENGTHENING,,
2026-06-10,MC.PA,Global luxury candidate basket,9,2025-05-27,2026-05-27,0.4928,56.22,,9.999000099990002e-05,9.999000099990002e-05,10000,2y,0.5266,0.4928,60.48,56.22,0.9359,0.0,none,2026-05-28,2026-05-29,2026-06-10,7,,,,,INSUFFICIENT_HISTORY (7 obs < 15),,
2026-06-10,KTOS,Golden Dome defense-tech,5,2025-05-08,2026-05-08,0.4022,52.91,,0.0013998600139986002,0.0016998300169983002,10000,2y,0.4471,0.4003,56.06,52.77,0.8953,0.0,none,2026-05-10,2026-05-12,2026-06-10,19,0.675,74.9,1.6715,0.0001,PRELIMINARY OOS-STRENGTHENING,,
2026-06-10,NVDA,Hyperscaler supplier chain,8,2025-04-30,2026-04-30,0.6029,65.82,,9.999000099990002e-05,9.999000099990002e-05,10000,2y,0.7982,0.6028,82.53,65.81,0.7552,0.0,none,2026-05-03,2026-05-05,2026-06-10,24,0.6431,70.1,1.0615,0.0001,PRELIMINARY OOS-CONFIRMED,,
2026-06-10,HINDALCO.NS,Indian metals,4,2025-04-30,2026-04-30,0.4182,58.19,,0.0112988701129887,0.009099090090990901,10000,2y,0.7358,0.418,80.25,58.17,0.568,0.0,none,2026-05-06,2026-05-07,2026-06-10,25,0.5256,65.02,1.22,0.005799,PRELIMINARY OOS-STRENGTHENING,,
2026-06-10,AJG,Insurance brokers basket,6,2025-04-30,2026-04-30,0.6548,71.61,,9.999000099990002e-05,9.999000099990002e-05,10000,2y,0.6996,0.6566,75.14,71.75,0.9385,0.1,0.50-0.60,2026-05-03,2026-05-05,2026-06-10,24,0.867,88.97,1.3475,0.0001,PRELIMINARY OOS-STRENGTHENING,,
2026-06-10,PGR,Insurance carriers,8,2025-04-30,2026-04-30,0.4595,54.01,,0.00029997000299970003,0.00019998000199980003,10000,2y,0.6498,0.4583,69.55,53.92,0.7053,0.0,none,2026-05-03,2026-05-05,2026-06-10,24,0.6328,68.94,1.4017,0.0001,PRELIMINARY OOS-STRENGTHENING,,
2026-06-10,005930.KS,Korea Memory,2,2025-05-08,2026-05-08,0.7311,86.56,,0.0030996900309969004,0.0030996900309969004,10000,2y,0.5395,0.7312,76.97,86.56,1.3554,0.45,0.25-0.70,2026-05-11,2026-05-12,2026-06-10,20,0.8014,90.07,1.091,0.008899,PRELIMINARY OOS-CONFIRMED,,
2026-06-10,MET,Life insurers pair,2,2025-04-30,2026-04-30,0.71,85.5,,0.0034996500349965005,0.0034996500349965005,10000,2y,0.9078,0.7111,95.39,85.56,0.7834,0.05,0.35-0.40,2026-05-03,2026-05-05,2026-06-10,24,0.7178,85.89,1.0063,0.007499,PRELIMINARY OOS-CONFIRMED,,
2026-06-10,NVDA,Mag 7,7,2025-05-08,2026-05-08,0.3147,41.74,,0.004999500049995001,0.0105989401059894,10000,2y,0.7195,0.3157,76.12,41.82,0.4387,0.0,none,2026-05-03,2026-05-05,2026-06-10,24,0.2261,37.94,0.7295,0.050995,PRELIMINARY OOS-WEAKENED,,
2026-06-10,JPM,Mega banks,5,2025-04-30,2026-04-30,0.7291,78.4,,9.999000099990002e-05,9.999000099990002e-05,10000,2y,0.8294,0.729,86.38,78.4,0.879,0.0,none,2026-05-03,2026-05-05,2026-06-10,24,0.692,75.96,0.9494,0.0001,PRELIMINARY OOS-CONFIRMED,,
2026-06-10,TRV,P&C insurance carriers,5,2025-04-30,2026-04-30,0.6459,71.81,,9.999000099990002e-05,9.999000099990002e-05,10000,2y,0.7329,0.6449,78.76,71.74,0.88,0.15,0.45-0.60,2026-05-03,2026-05-05,2026-06-10,24,0.7831,82.77,1.2199,0.0001,PRELIMINARY OOS-STRENGTHENING,,
2026-06-10,V,Payments,8,2025-04-30,2026-04-30,0.3954,47.88,,0.0005999400059994001,0.0015998400159984002,10000,2y,0.5953,0.3937,65.27,47.73,0.6614,0.0,none,2026-05-03,2026-05-05,2026-06-10,24,0.4529,52.59,1.1484,0.0001,PRELIMINARY OOS-STRENGTHENING,,
2026-06-10,CRWD,Platform cyber,3,2025-04-30,2026-04-30,0.6882,79.25,,0.00029997000299970003,0.00019998000199980003,10000,2y,0.6504,0.6879,76.74,79.23,1.0576,0.0,none,2026-05-03,2026-05-05,2026-06-10,24,0.6857,79.32,0.9994,0.0011,PRELIMINARY OOS-CONFIRMED,,
2026-06-10,CRWD,Security control points (SCP),6,2025-04-30,2026-04-30,0.5441,62.46,,9.999000099990002e-05,9.999000099990002e-05,10000,2y,0.561,0.5439,63.7,62.44,0.9694,0.0,none,2026-05-03,2026-05-05,2026-06-10,24,0.5462,65.07,1.0025,0.0001,PRELIMINARY OOS-CONFIRMED,,
2026-06-10,RKLB,Space pure-plays,7,2025-06-03,2026-06-03,0.5731,63.68,9.999000099990002e-05,9.999000099990002e-05,9.999000099990002e-05,10000,2y,0.389,0.5724,49.33,63.62,1.4712,0.05,0.45-0.50,2026-05-10,2026-05-12,2026-06-10,19,0.6715,72.03,1.1928,0.000102,PRELIMINARY OOS-STRENGTHENING,9.999000099990002e-05,9.999000099990002e-05
2026-06-10,MU,US Memory,3,2025-05-08,2026-05-08,0.7031,80.22,,9.999000099990002e-05,9.999000099990002e-05,10000,2y,nan,0.7024,nan,80.18,,0.1,0.35-0.45,2026-05-11,2026-05-12,2026-06-10,19,0.8244,88.33,1.1781,0.0002,PRELIMINARY OOS-STRENGTHENING,,
2026-06-10,ASML,WFE quartet,4,2025-04-30,2026-04-30,0.7973,84.85,,9.999000099990002e-05,9.999000099990002e-05,10000,2y,0.9269,0.7971,94.55,84.83,0.8599,0.0,0.25-0.25,2026-05-03,2026-05-05,2026-06-10,24,0.8811,91.1,1.1031,0.0001,PRELIMINARY OOS-STRENGTHENING,,
2026-06-10,SCHW,Wealth managers basket,4,2025-04-30,2026-04-30,0.5032,64.3,,0.001999800019998,0.001999800019998,10000,2y,0.8539,0.503,89.08,64.28,0.5891,0.0,none,2026-05-03,2026-05-05,2026-06-10,24,0.6533,74.23,1.3,0.0001,PRELIMINARY OOS-STRENGTHENING,,
2026-06-10,NVDA,AI Compute,3,,,,,,,,,,,,,,,,,2026-05-11,2026-05-12,2026-06-10,19,0.5869,73.16,1.0542,0.011199,PRELIMINARY OOS-CONFIRMED,,
2026-06-10,WTW,AI financial disintermediation basket (AIFD),10,2025-04-30,2026-04-30,0.3317,44.01,,0.004299570042995701,0.0022997700229977,10000,2y,0.6108,0.3317,65.21,44.07,0.543,0.0,none,2026-05-03,2026-05-05,2026-06-10,24,0.4246,54.62,1.2855,0.0002,PRELIMINARY OOS-STRENGTHENING,,
2026-06-10,CEG,AI-power IPPs,4,2025-06-10,2026-06-10,0.7729,82.99,9.999000099990002e-05,0.0001,9.999000099990002e-05,10000,2y,0.8462,0.7729,88.52,82.99,0.9134,0.25,0.25-0.50,,,,,,,,,,9.999000099990002e-05,9.999000099990002e-05
2026-06-10,ETN,Power equipment complex,4,2025-06-10,2026-06-10,0.6499,73.82,9.999000099990002e-05,0.0001,9.999000099990002e-05,10000,2y,0.7855,0.6499,84.02,73.82,0.8274,0.0,none,,,,,,,,,,9.999000099990002e-05,9.999000099990002e-05
2026-06-12,SEI,Speed-to-power,3,2025-06-10,2026-06-10,0.4337,62.48,9.999000099990002e-05,0.007099290070992901,0.008799120087991202,10000,,,,,,,0.0,none,,,,,,,,,,,
2026-06-12,PAX,Alt-asset managers,8,2025-06-10,2026-06-10,0.698,74.24,9.999000099990002e-05,9.999000099990002e-05,9.999000099990002e-05,10000,,,,,,,0.0,none,,,,,,,,,,,
2026-06-12,LION,Studios & premium content,5,2025-06-10,2026-06-10,0.1742,35.15,9.999000099990002e-05,0.2743725627437256,0.3518648135186481,10000,,,,,,,0.0,none,,,,,,,,,,,
2026-06-12,STRZ,Premium subscription content,5,2025-06-10,2026-06-10,0.2055,38.2,9.999000099990002e-05,0.1568843115688431,0.17478252174782521,10000,,,,,,,0.0,none,,,,,,,,,,,
2026-06-12,CRM,AI SaaS disruption basket,6,2025-06-10,2026-06-10,0.7031,75.39,9.999000099990002e-05,9.999000099990002e-05,9.999000099990002e-05,10000,2y,0.7821,0.7031,81.87,75.39,0.899,0.0,none,,,,,,,,,,,
2026-06-12,ITUB,Brazilian banks,3,2025-06-10,2026-06-10,0.8467,89.79,9.999000099990002e-05,9.999000099990002e-05,9.999000099990002e-05,10000,,,,,,,0.0,none,,,,,,,,,,,
2026-06-12,BABA,Chinese internet platforms,5,2025-06-10,2026-06-10,0.5094,61.25,9.999000099990002e-05,0.00039996000399960006,0.0005999400059994001,10000,,,,,,,0.0,none,,,,,,,,,,,
2026-06-13,SNOW,Consumption data-infra SaaS,3,2025-06-12,2026-06-12,0.5527,70.19,9.999000099990002e-05,0.0025997400259974,0.0027997200279972004,10000,2y,0.6348,0.5524,75.67,70.18,0.8702,0.0,none,,,,,,,,,,,
2026-06-13,OKLO,Nuclear / SMR,7,2025-06-12,2026-06-12,0.6047,66.46,9.999000099990002e-05,9.999000099990002e-05,9.999000099990002e-05,10000,2y,0.6132,0.6114,67.14,67.02,0.9971,0.0,none,,,,,,,,,,9.999000099990002e-05,9.999000099990002e-05
2026-06-13,LDOS,Defense IT services,4,2025-06-12,2026-06-12,0.5978,69.88,9.999000099990002e-05,0.00039996000399960006,0.00039996000399960006,10000,2y,0.7072,0.5994,78.18,69.99,0.8475,0.04,0.44-0.48,,,,,,,,,,9.999000099990002e-05,9.999000099990002e-05
2026-06-13,RHM.DE,European rearmament,7,2025-06-12,2026-06-12,0.6494,71.17,9.999000099990002e-05,9.999000099990002e-05,9.999000099990002e-05,10000,2y,0.6288,0.6494,68.5,71.17,1.0328,0.05,0.60-0.65,,,,,,,,,,9.999000099990002e-05,9.999000099990002e-05
2026-06-13,CME,Exchange operators,4,2025-06-12,2026-06-12,0.3775,53.47,9.999000099990002e-05,0.019498050194980503,0.0244975502449755,10000,2y,0.3635,0.3785,52.55,53.56,1.0414,0.0,none,,,,,,,,,,0.023997600239976002,0.031596840315968405
2026-06-14,SPGI,Financial data providers,7,2025-06-12,2026-06-12,0.6067,66.54,9.999000099990002e-05,9.999000099990002e-05,9.999000099990002e-05,10000,2y,0.7442,0.6067,78.46,66.54,0.8152,0.0,none,,,,,,,,,,9.999000099990002e-05,9.999000099990002e-05
2026-06-14,MDT,Medtech,7,2025-06-12,2026-06-12,0.3284,43.03,9.999000099990002e-05,0.009599040095990401,0.019498050194980503,10000,2y,0.3879,0.3292,49.51,43.15,0.8487,0.0,none,,,,,,,,,,0.014298570142985701,0.023897610238976102
2026-06-14,NVDA,Fabless semiconductor,5,2025-06-12,2026-06-12,0.4116,53.34,9.999000099990002e-05,0.0035996400359964,0.0053994600539946005,10000,2y,0.71,0.4116,76.9,53.34,0.5797,0.0,none,,,,,,,,,,0.0005999400059994001,0.000999900009999
2026-06-14,AMC,Theatrical exhibition,3,2025-06-11,2026-06-11,0.3276,55.52,9.999000099990002e-05,0.09989001099890012,0.10798920107989202,10000,2y,0.4054,0.3276,61.37,55.52,0.8079,0.0,none,,,,,,,,,,,
2026-06-14,NU,Brazil fintech,5,2025-06-12,2026-06-12,0.57,66.08,9.999000099990002e-05,9.999000099990002e-05,0.0004999500049995,10000,2y,0.555,0.57,65.02,66.08,1.0271,0.0,none,,,,,,,,,,9.999000099990002e-05,9.999000099990002e-05
2026-06-14,CRWV,Neoclouds,5,2025-06-12,2026-06-12,0.6235,69.92,9.999000099990002e-05,0.00019998000199980003,0.00019998000199980003,10000,2y,nan,0.6235,nan,69.92,,0.0,none,,,,,,,,,,0.00019998000199980003,0.00019998000199980003
2026-06-14,COHR,AI optics / networking,4,2025-06-12,2026-06-12,0.4839,61.33,9.999000099990002e-05,0.0022997700229977,0.0031996800319968005,10000,2y,0.6632,0.4835,74.76,61.3,0.7292,0.0,none,,,,,,,,,,0.00019998000199980003,0.00019998000199980003
2026-06-14,4063.T,Japan semi materials,5,2025-06-12,2026-06-12,0.3587,48.91,9.999000099990002e-05,0.0165983401659834,0.026097390260973904,10000,2y,0.6072,0.358,68.83,48.86,0.5895,0.0,none,,,,,,,,,,0.0064993500649935,0.011998800119988001
2026-06-14,0762.HK,China big-3 telecoms,3,2025-06-12,2026-06-12,0.6376,75.88,9.999000099990002e-05,0.0006999300069993001,0.0006999300069993001,10000,2y,0.751,0.639,83.41,75.97,0.8508,0.3,0.40-0.70,,,,,,,,,,0.0178982101789821,0.0192980701929807
2026-06-14,0728.HK,China Telecom in context — telecom vs SOE-energy vs cloud,3,2025-06-12,2026-06-12,0.6376,75.88,9.999000099990002e-05,0.0006999300069993001,0.0006999300069993001,10000,2y,0.751,0.639,83.41,75.97,0.8508,0.25,0.45-0.70,,,,,,,,,,0.014998500149985002,0.015798420157984203
2026-06-14,603236.SS,IoT cellular modules,3,2025-06-12,2026-06-12,0.2272,55.37,9.999000099990002e-05,0.276972302769723,0.10618938106189381,10000,2y,0.1874,0.2273,54.25,55.37,1.2129,0.0,none,,,,,,,,,,0.1640835916408359,0.048595140485951406
2026-06-14,603236.SS,IoT module duopoly,2,2025-06-12,2026-06-12,0.661,83.05,9.999000099990002e-05,0.008099190080991902,0.008099190080991902,10000,2y,0.6399,0.6611,82.0,83.05,1.0331,0.35,0.35-0.70,,,,,,,,,,0.0029997000299970002,0.0029997000299970002
2026-06-14,1398.HK,中特估 cohort — banks + energy + telecoms,10,2025-06-12,2026-06-12,0.3715,44.87,0.000999000999000999,0.001998001998001998,0.002997002997002997,1000,2y,0.6021,0.3712,64.67,44.84,0.6164,0.0,none,,,,,,,,,,0.0744925507449255,0.12298770122987701
2026-06-14,FCX,Copper mining,6,2025-06-12,2026-06-12,0.707,75.83,9.999000099990002e-05,9.999000099990002e-05,9.999000099990002e-05,10000,2y,0.8672,0.707,89.0,75.83,0.8152,0.0,none,,,,,,,,,,9.999000099990002e-05,9.999000099990002e-05
2026-06-14,FNF,Title insurance,4,2025-06-12,2026-06-12,0.5509,67.67,9.999000099990002e-05,0.00019998000199980003,9.999000099990002e-05,10000,2y,0.7005,0.5523,77.68,67.75,0.7883,0.0,none,,,,,,,,,,0.0004999500049995,0.0004999500049995
2026-06-14,FNF,Title insurance (pure-title trio),3,2025-06-12,2026-06-12,0.7338,82.28,9.999000099990002e-05,0.00019998000199980003,0.00019998000199980003,10000,2y,0.7415,0.7344,82.81,82.32,0.9904,0.25,0.30-0.55,,,,,,,,,,0.00019998000199980003,0.00029997000299970003
2026-06-14,HIMS,DTC telehealth,5,2025-06-12,2026-06-12,0.2728,42.27,9.999000099990002e-05,0.10688931106889311,0.15148485151484853,10000,2y,0.3985,0.2728,52.55,42.27,0.6844,0.0,none,,,,,,,,,,0.049795020497950204,0.07129287071292871
2026-06-14,LLY,GLP-1 obesity,4,2025-06-12,2026-06-12,0.2886,47.67,9.999000099990002e-05,0.07649235076492351,0.08759124087591241,10000,2y,0.3174,0.2886,49.9,47.67,0.9094,0.0,none,,,,,,,,,,0.0428957104289571,0.0458954104589541
2026-06-14,VRT,DC power and cooling,5,2025-06-12,2026-06-12,0.5969,68.02,9.999000099990002e-05,9.999000099990002e-05,0.00019998000199980003,10000,2y,0.7197,0.5969,78.27,68.02,0.8294,0.0,none,,,,,,,,,,9.999000099990002e-05,9.999000099990002e-05
2026-06-14,IONQ,Quantum computing,4,2025-06-12,2026-06-12,0.8163,86.26,9.999000099990002e-05,9.999000099990002e-05,9.999000099990002e-05,10000,2y,0.6849,0.7958,76.56,84.77,1.162,0.2,0.20-0.40,,,,,,,,,,9.999000099990002e-05,9.999000099990002e-05
2026-06-14,COIN,Crypto equities,4,2025-06-12,2026-06-12,0.6094,70.96,9.999000099990002e-05,0.00029997000299970003,0.00029997000299970003,10000,2y,nan,0.5936,nan,69.84,,0.0,none,,,,,,,,,,9.999000099990002e-05,9.999000099990002e-05
2026-06-14,DHI,Homebuilders,5,2025-06-12,2026-06-12,0.7849,83.02,9.999000099990002e-05,9.999000099990002e-05,9.999000099990002e-05,10000,2y,0.8469,0.7849,87.9,83.02,0.9267,0.0,none,,,,,,,,,,9.999000099990002e-05,9.999000099990002e-05
2026-06-14,TTD,Ad-tech,5,2025-06-12,2026-06-12,0.2899,45.44,9.999000099990002e-05,0.0514948505149485,0.051394860513948606,10000,2y,0.4881,0.2896,59.94,45.33,0.5933,0.0,none,,,,,,,,,,0.06919308069193081,0.051794820517948204
2026-06-14,DAL,Airlines,5,2025-06-12,2026-06-12,0.748,80.0,9.999000099990002e-05,9.999000099990002e-05,9.999000099990002e-05,10000,2y,0.6885,0.7596,75.7,80.91,1.1033,0.0,0.30-0.30,,,,,,,,,,9.999000099990002e-05,9.999000099990002e-05
2026-06-14,FSLR,Solar,5,2025-06-12,2026-06-12,0.512,61.02,9.999000099990002e-05,0.0004999500049995,0.0006999300069993001,10000,2y,0.6346,0.512,71.3,61.02,0.8068,0.0,none,,,,,,,,,,0.00029997000299970003,0.0005999400059994001
2026-06-14,CRDO,Sub - AI interconnect pair,2,,,,,,,,,,,,,,,0.1,0.45-0.55,,,,,,,,,,,
2026-06-14,4063.T,Sub - Japan wafer pair,2,,,,,,,,,,,,,,,0.0,0.60-0.60,,,,,,,,,,,
2026-06-14,PUBM,Sub - Ad-tech SSP pair,2,,,,,,,,,,,,,,,0.05,0.50-0.55,,,,,,,,,,,
2026-06-14,CRWV,Sub - Neocloud pure-cloud pair,2,,,,,,,,,,,,,,,0.1,0.30-0.40,,,,,,,,,,,
2026-06-14,ENPH,Sub - Solar residential pair,2,,,,,,,,,,,,,,,0.1,0.35-0.45,,,,,,,,,,,
2026-06-14,RCL,Cruise lines,3,2025-06-12,2026-06-12,0.7926,86.19,9.999000099990002e-05,9.999000099990002e-05,9.999000099990002e-05,10000,2y,0.8741,0.7927,91.62,86.21,0.9069,0.1,0.25-0.35,,,,,,,,,,9.999000099990002e-05,9.999000099990002e-05
2026-06-14,LVS,Casinos,5,2025-06-12,2026-06-12,0.4296,54.81,9.999000099990002e-05,0.0032996700329967,0.004399560043995601,10000,2y,0.7487,0.4296,79.95,54.81,0.5739,0.05,0.65-0.70,,,,,,,,,,0.0010998900109989002,0.0013998600139986002
2026-06-14,LVS,Sub - Casino Macau pair,2,,,,,,,,,,,,,,,0.2,0.40-0.60,,,,,,,,,,,
2026-06-14,MGM,Sub - Casino US group,3,,,,,,,,,,,,,,,0.05,0.55-0.60,,,,,,,,,,,
2026-06-14,JPM,Sub - Megabank commercial core,4,,,,,,,,,,,,,,,0.0,none,,,,,,,,,,,
2026-06-14,GS,Sub - Megabank investment-bank pair,2,,,,,,,,,,,,,,,0.1,0.20-0.30,,,,,,,,,,,
2026-06-14,MO,Tobacco majors,4,2025-06-12,2026-06-12,0.5121,63.62,9.999000099990002e-05,0.0010998900109989002,0.0014998500149985001,10000,2y,0.6737,0.5121,75.61,63.62,0.7602,0.0,none,,,,,,,,,,0.0033996600339966003,0.0053994600539946005
2026-06-14,BTI,Sub - Tobacco UK pair,2,,,,,,,,,,,,,,,0.1,0.40-0.50,,,,,,,,,,,
2026-06-14,MO,Sub - Tobacco US pair,2,,,,,,,,,,,,,,,0.0,none,,,,,,,,,,,
2026-06-14,NEM,Gold equity beta,6,2025-06-12,2026-06-12,0.8502,87.6,9.999000099990002e-05,9.999000099990002e-05,9.999000099990002e-05,10000,2y,0.8103,0.8502,84.23,87.6,1.0493,0.0,none,,,,,,,,,,9.999000099990002e-05,9.999000099990002e-05
2026-06-14,TKO,Live sports and entertainment rights,3,2025-06-12,2026-06-12,0.2715,51.5,9.999000099990002e-05,0.1703829617038296,0.19758024197580243,10000,2y,0.5053,0.2715,67.08,51.5,0.5374,0.0,none,,,,,,,,,,,
